hours_studied,attendance,previous_score,final_score,study_efficiency
2.0,76,65,60,1.3
4.0,85,70,68,2.8
3.0,90,80,75,2.4000000000000004
6.0,95,88,90,5.28
1.0,60,45,40,0.45
5.0,82,78,84,3.9000000000000004
2.5,70,62,58,1.55
7.0,96,92,95,6.44
3.5,88,75,78,2.625
4.5,80,72,73,3.2399999999999998
6.5,98,94,97,6.109999999999999
5.2,84,81,85,4.212000000000001
2.2,69,60,55,1.32
8.0,99,96,99,7.68
1.5,65,50,48,0.75
